block,model,config_id,rmse,n_oos,train_end,oos_start,oos_end
block2,gpr_without_target,1,2.5850657912852335,20,200,201,220
block2,gpr_without_target,2,2.5850657912852335,20,200,201,220
block2,gpr_without_target,3,2.5850657912852335,20,200,201,220
block2,gpr_without_target,4,2.5850657912852335,20,200,201,220
block2,gpr_without_target,5,2.5850657912852335,20,200,201,220
block2,gpr_without_target,6,2.5994070479909794,20,200,201,220
block2,gpr_without_target,7,2.5994070479909794,20,200,201,220
block2,gpr_without_target,8,2.5994070479909794,20,200,201,220
block2,gpr_without_target,9,2.5994070479909794,20,200,201,220
block2,gpr_without_target,10,2.5994070479909794,20,200,201,220
block2,gpr_without_target,11,2.6081329272524627,20,200,201,220
block2,gpr_without_target,12,2.6081329272524627,20,200,201,220
block2,gpr_without_target,13,2.575170851664151,20,200,201,220
block2,gpr_without_target,14,2.575170851664151,20,200,201,220
block2,gpr_without_target,15,2.575170851664151,20,200,201,220
block2,gpr_without_target,16,2.575170851664151,20,200,201,220
block2,gpr_without_target,17,2.575170851664151,20,200,201,220
block2,gpr_without_target,18,2.604893726183553,20,200,201,220
block2,gpr_without_target,19,2.604893726183553,20,200,201,220
block2,gpr_without_target,20,2.604893726183553,20,200,201,220
block2,gpr_without_target,21,2.604893726183553,20,200,201,220
block2,gpr_without_target,22,2.604893726183553,20,200,201,220
block2,gpr_without_target,23,2.5986563556749034,20,200,201,220
block2,gpr_without_target,24,2.5986563556749034,20,200,201,220
block2,gpr_without_target,25,2.5986563556749034,20,200,201,220
block2,gpr_without_target,26,2.5986563556749034,20,200,201,220
block2,gpr_without_target,27,2.5986563556749034,20,200,201,220
block2,gpr_without_target,28,2.608132927252463,20,200,201,220
block2,gpr_without_target,29,2.608132927252463,20,200,201,220
block2,gpr_without_target,30,2.608132927252463,20,200,201,220
block2,gpr_without_target,31,2.608132927252463,20,200,201,220
block2,gpr_without_target,32,2.6081329272524627,20,200,201,220
block2,gpr_without_target,33,2.6081329272524627,20,200,201,220
block2,gpr_without_target,34,2.6081329272524627,20,200,201,220
block2,gpr_without_target,35,2.6081329272524627,20,200,201,220
block2,gpr_without_target,36,2.6081329272524627,20,200,201,220
