config_id,rmse_overall,model
1,2.4500645590991867,gpr_without_target
2,2.4500645590991867,gpr_without_target
3,2.4500645590991867,gpr_without_target
4,2.4500645590991867,gpr_without_target
5,2.4500645590991867,gpr_without_target
