block,model,config_id,rmse,n_oos,train_end,oos_start,oos_end
block2,gpr_with_target,1,1.8771895117662176,20,200,201,220
block2,gpr_with_target,2,1.8771895117662176,20,200,201,220
block2,gpr_with_target,3,1.8771895117662176,20,200,201,220
block2,gpr_with_target,4,2.1548225820595577,20,200,201,220
block2,gpr_with_target,5,2.1548225820595577,20,200,201,220
block2,gpr_with_target,6,2.1548225820595577,20,200,201,220
block2,gpr_with_target,7,2.1548225820595577,20,200,201,220
block2,gpr_with_target,8,2.1548225820595577,20,200,201,220
block2,gpr_with_target,9,1.8769397180528413,20,200,201,220
block2,gpr_with_target,10,1.8769397180528413,20,200,201,220
block2,gpr_with_target,11,1.8769397180528413,20,200,201,220
block2,gpr_with_target,12,1.8769397180528413,20,200,201,220
block2,gpr_with_target,13,1.8769397180528413,20,200,201,220
block2,gpr_with_target,14,2.155265693493187,20,200,201,220
block2,gpr_with_target,15,2.155265693493187,20,200,201,220
block2,gpr_with_target,16,2.155265693493187,20,200,201,220
block2,gpr_with_target,17,2.155265693493187,20,200,201,220
block2,gpr_with_target,18,2.155265693493187,20,200,201,220
block2,gpr_with_target,19,2.6081329272524627,20,200,201,220
block2,gpr_with_target,20,2.6081329272524627,20,200,201,220
block2,gpr_with_target,21,2.6081329272524627,20,200,201,220
block2,gpr_with_target,22,2.6081329272524627,20,200,201,220
block2,gpr_with_target,23,2.6081329272524627,20,200,201,220
block2,gpr_with_target,24,2.6081329272524627,20,200,201,220
block2,gpr_with_target,25,2.6081329272524627,20,200,201,220
block2,gpr_with_target,26,2.6081329272524627,20,200,201,220
block2,gpr_with_target,27,2.6081329272524627,20,200,201,220
block2,gpr_with_target,28,2.6081329272524627,20,200,201,220
block2,gpr_with_target,29,2.6081329272524627,20,200,201,220
block2,gpr_with_target,30,2.6081329272524627,20,200,201,220
block2,gpr_with_target,31,3.450787363126986,20,200,201,220
block2,gpr_with_target,32,3.450787363126986,20,200,201,220
block2,gpr_with_target,33,3.450787363126986,20,200,201,220
block2,gpr_with_target,34,3.4739847250275595,20,200,201,220
block2,gpr_with_target,35,3.4739847250275595,20,200,201,220
block2,gpr_with_target,36,3.4739847250275595,20,200,201,220
