config_id,rmse_overall,model
1,2.5222832635750794,gpr_with_target
2,2.5222832635750794,gpr_with_target
3,2.5222832635750794,gpr_with_target
4,2.5222832635750794,gpr_with_target
5,2.5222832635750794,gpr_with_target
